{
  "0": {
    "count": 613,
    "top_terms": [
      "complaint",
      "filed",
      "bank",
      "consent",
      "received",
      "failed",
      "customer",
      "reduced",
      "vodafone",
      "did"
    ],
    "examples": [
      "bgn roughly bank calling client unresolved bills provoked client evoke right receiving answer bank filed bank did action statutory client filed complaint infringement bank fined linked consumer credit purpose processed different communicated time conclusion bank point view request additional consent",
      "repeated registration prepaid services knowledge consent employees telecommunications provider used registered complainant prepaid signed application consented stated legal basis signature application complainant genuine application identical persons identification number identity card number complainants",
      "bank established bank account consent bank supposedly available disposed bank able provide office protection necessary documentation prove entering contract"
    ]
  },
  "1": {
    "count": 446,
    "top_terms": [
      "video",
      "surveillance",
      "installed",
      "cameras",
      "violation",
      "principle",
      "public",
      "private",
      "considered",
      "covered"
    ],
    "examples": [
      "video surveillance sufficiently marked large sidewalk facility surveillance public space large scale private",
      "cctv unlawfully sufficient video surveillance storage period days long principle reduced link",
      "dashcam unlawfully"
    ]
  },
  "2": {
    "count": 263,
    "top_terms": [
      "failing",
      "provide",
      "fined",
      "requested",
      "request",
      "failed",
      "comply",
      "access",
      "failure",
      "respond"
    ],
    "examples": [
      "employee sent request employer access concerning request answered time complete",
      "late notification breach failure notify",
      "did fulfil access"
    ]
  },
  "3": {
    "count": 514,
    "top_terms": [
      "measures",
      "technical",
      "failed",
      "organizational",
      "security",
      "breach",
      "access",
      "implement",
      "appropriate",
      "protection"
    ],
    "examples": [
      "processed manner ensures appropriate security including protection unauthorised unlawful accidental destruction using appropriate technical organisational measures",
      "processed manner ensures appropriate security including protection unauthorised unlawful accidental destruction using appropriate technical organisational measures",
      "based penalty lack basic security measures excessive sensitive user documents uploaded rental candidates id health tax certificates issued family allowance divorce account accessible online authentication procedure vulnerability known march finally resolved september stored documentation provided candidates longer took account seriousness breach care addressing vulnerability fact documents revealed intimate aspects size financial"
    ]
  },
  "4": {
    "count": 884,
    "top_terms": [
      "legal",
      "published",
      "did",
      "fined",
      "complaint",
      "consent",
      "filed",
      "health",
      "private",
      "processed"
    ],
    "examples": [
      "administrative misuse mayor campaign",
      "bank gained concernign student wihtout legal",
      "patient complained request access medical file satisfied hospital dossier investigating administrative"
    ]
  }
}